date,venue,match_category,team_1,team_2,team_1_runs,team_1_wickets,team_2_runs,team_2_wickets,pom,world_cup_year,host_country,match_status,winning_team,bowler_one,bowler_one_wicket,bowler_two,bowler_two_wicket,batter_one,batter_one_score,batter_two,batter_two_score
NA,Nottingham,League-Match,PAK,SL,,,,,Zaheer Abbas,1975,England,played,Pakistan,NA,0,NA,0,NA,0,NA,0
NA,Leeds,League-Match,EAf,IND,,,,,Farokh Engineer,1975,England,played,India,NA,0,NA,0,NA,0,NA,0
1975-06-18,Leeds,Semi-Final,ENG,AUS,,,,,Gary Gilmour,1975,England,played,Australia,NA,0,NA,0,NA,0,NA,0
1975-06-14,Birmingham,League-Match,ENG,EAf,,,,,John Snow,1975,England,played,England,NA,0,NA,0,NA,0,NA,0
NA,The Oval,Semi-Final,NZ,WI,,,,,Alvin Kallicharran,1975,England,played,West Indies,NA,0,NA,0,NA,0,NA,0
NA,Birmingham,League-Match,NZ,EAf,,,,,Glenn Turner,1975,England,played,New Zealand,NA,0,NA,0,NA,0,NA,0
NA,Birmingham,League-Match,PAK,WI,,,,,Sarfraz Nawaz,1975,England,played,West Indies,NA,0,NA,0,NA,0,NA,0
NA,Leeds,League-Match,AUS,PAK,,,,,Dennis Lillee,1975,England,played,Australia,NA,0,NA,0,NA,0,NA,0
1975-06-11,Nottingham,League-Match,ENG,NZ,,,,,Keith Fletcher,1975,England,played,England,NA,0,NA,0,NA,0,NA,0
NA,Manchester,League-Match,SL,WI,,,,,Bernard Julien,1975,England,played,West Indies,NA,0,NA,0,NA,0,NA,0
1975-06-07,Lord's,League-Match,ENG,IND,,,,,Dennis Amiss,1975,England,played,England,NA,0,NA,0,NA,0,NA,0
NA,Manchester,League-Match,IND,NZ,,,,,Glenn Turner,1975,England,played,New Zealand,NA,0,NA,0,NA,0,NA,0
NA,The Oval,League-Match,AUS,SL,,,,,Alan Turner,1975,England,played,Australia,NA,0,NA,0,NA,0,NA,0
NA,The Oval,League-Match,AUS,WI,,,,,Alvin Kallicharran,1975,England,played,West Indies,NA,0,NA,0,NA,0,NA,0
1975-06-21,Lord's,Final,WI,AUS,,,,,Clive Lloyd,1975,England,played,West Indies,NA,0,NA,0,NA,0,NA,0
NA,Manchester,League-Match,CAN,ENG,,,,,Chris Old,1979,England,played,England,NA,0,NA,0,NA,0,NA,0
NA,Lord's,League-Match,AUS,ENG,,,,,Graham Gooch,1979,England,played,England,NA,0,NA,0,NA,0,NA,0
1979-06-16,Manchester,League-Match,SL,IND,,,,,Duleep Mendis,1979,England,played,Sri Lanka,NA,0,NA,0,NA,0,NA,0
NA,Nottingham,League-Match,PAK,AUS,,,,,Asif Iqbal,1979,England,played,Pakistan,NA,0,NA,0,NA,0,NA,0
NA,Birmingham,League-Match,CAN,AUS,,,,,Alan Hurst,1979,England,played,Australia,NA,0,NA,0,NA,0,NA,0
NA,Leeds,League-Match,ENG,PAK,,,,,Mike Hendrick,1979,England,played,England,NA,0,NA,0,NA,0,NA,0
NA,The Oval,Semi-Final,WI,PAK,,,,,Gordon Greenidge,1979,England,played,West Indies,NA,0,NA,0,NA,0,NA,0
1979-06-20,Manchester,Semi-Final,ENG,NZ,,,,,Graham Gooch,1979,England,played,England,NA,0,NA,0,NA,0,NA,0
NA,Nottingham,League-Match,SL,NZ,,,,,Geoff Howarth,1979,England,played,New Zealand,NA,0,NA,0,NA,0,NA,0
1979-06-13,Leeds,League-Match,IND,NZ,,,,,Bruce Edgar,1979,England,played,New Zealand,NA,0,NA,0,NA,0,NA,0
1979-06-23,Lord's,Final,WI,ENG,,,,,Viv Richards,1979,England,played,West Indies,NA,0,NA,0,NA,0,NA,0
1979-06-09,Birmingham,League-Match,IND,WI,,,,,Gordon Greenidge,1979,England,played,West Indies,NA,0,NA,0,NA,0,NA,0
NA,Leeds,League-Match,CAN,PAK,,,,,Sadiq Mohammad,1979,England,played,Pakistan,NA,0,NA,0,NA,0,NA,0
NA,Nottingham,League-Match,WI,NZ,,,,,Clive Lloyd,1979,England,played,West Indies,NA,0,NA,0,NA,0,NA,0
NA,Tunbridge Wells,League-Match,IND,ZIM,,,,,Kapil Dev,1983,England,played,India,NA,0,NA,0,NA,0,NA,0
NA,Nottingham,League-Match,ZIM,AUS,,,,,Duncan Fletcher,1983,England,played,Zimbabwe,NA,0,NA,0,NA,0,NA,0
NA,Birmingham,League-Match,ZIM,WI,,,,,Faoud Bacchus,1983,England,played,West Indies,NA,0,NA,0,NA,0,NA,0
NA,Chelmsford,League-Match,IND,AUS,,,,,Roger Binny,1983,England,played,India,NA,0,NA,0,NA,0,NA,0
1983-06-09,The Oval,League-Match,ENG,NZ,,,,,Allan Lamb,1983,England,played,England,NA,0,NA,0,NA,0,NA,0
NA,Leicester,League-Match,ZIM,IND,,,,,Madan Lal,1983,England,played,India,NA,0,NA,0,NA,0,NA,0
1983-06-11,Taunton,League-Match,ENG,SL,,,,,David Gower,1983,England,played,England,NA,0,NA,0,NA,0,NA,0
NA,Derby,League-Match,NZ,SL,,,,,Ashantha de Mel,1983,England,played,Sri Lanka,NA,0,NA,0,NA,0,NA,0
1983-06-22,Manchester,Semi-Final,ENG,IND,,,,,Mohinder Amarnath,1983,England,played,India,NA,0,NA,0,NA,0,NA,0
NA,Southampton,League-Match,AUS,ZIM,,,,,Dave Houghton,1983,England,played,Australia,NA,0,NA,0,NA,0,NA,0
1983-06-13,Lord's,League-Match,PAK,ENG,,,,,Zaheer Abbas,1983,England,played,England,NA,0,NA,0,NA,0,NA,0
1983-06-15,Birmingham,League-Match,ENG,NZ,,,,,Jeremy Coney,1983,England,played,New Zealand,NA,0,NA,0,NA,0,NA,0
NA,Nottingham,League-Match,PAK,NZ,,,,,Imran Khan,1983,England,played,Pakistan,NA,0,NA,0,NA,0,NA,0
NA,Leeds,League-Match,WI,AUS,,,,,Winston Davis,1983,England,played,West Indies,NA,0,NA,0,NA,0,NA,0
NA,The Oval,League-Match,WI,IND,,,,,Viv Richards,1983,England,played,West Indies,NA,0,NA,0,NA,0,NA,0
NA,Nottingham,League-Match,AUS,IND,,,,,Trevor Chappell,1983,England,played,Australia,NA,0,NA,0,NA,0,NA,0
NA,Manchester,League-Match,IND,WI,,,,,Yashpal Sharma,1983,England,played,India,NA,0,NA,0,NA,0,NA,0
1983-06-20,Leeds,League-Match,SL,ENG,,,,,Bob Willis,1983,England,played,England,NA,0,NA,0,NA,0,NA,0
NA,Birmingham,League-Match,NZ,PAK,,,,,Abdul Qadir,1983,England,played,New Zealand,NA,0,NA,0,NA,0,NA,0
1983-06-18,Manchester,League-Match,PAK,ENG,,,,,Graeme Fowler,1983,England,played,England,NA,0,NA,0,NA,0,NA,0
1983-06-25,Lord's,Final,IND,WI,,,,,Mohinder Amarnath,1983,England,played,India,NA,0,NA,0,NA,0,NA,0
1983-06-16,Leeds,League-Match,PAK,SL,,,,,Abdul Qadir,1983,England,played,Pakistan,NA,0,NA,0,NA,0,NA,0
NA,Pune,League-Match,SL,ENG,,,,,Graham Gooch,1987,India,played,England,NA,0,NA,0,NA,0,NA,0
1987-11-04,Lahore,Semi-Final,AUS,PAK,,,,,Craig McDermott,1987,Pakistan,played,Australia,NA,0,NA,0,NA,0,NA,0
1987-11-05,Wankhede,Semi-Final,ENG,IND,,,,,Graham Gooch,1987,India,played,England,NA,0,NA,0,NA,0,NA,0
1987-10-30,Cuttack,League-Match,AUS,ZIM,,,,,David Boon,1987,India,played,Australia,NA,0,NA,0,NA,0,NA,0
1987-10-14,Bengaluru,League-Match,IND,NZ,,,,,Kapil Dev,1987,India,played,India,NA,0,NA,0,NA,0,NA,0
1987-10-31,Nagpur,League-Match,NZ,IND,,,,,Sunil Gavaskar,1987,India,played,India,NA,0,NA,0,NA,0,NA,0
1987-10-10,Hyderabad (Deccan),League-Match,NZ,ZIM,,,,,Dave Houghton,1987,India,played,New Zealand,NA,0,NA,0,NA,0,NA,0
1987-10-27,Chandigarh,League-Match,AUS,NZ,,,,,Geoff Marsh,1987,India,played,Australia,NA,0,NA,0,NA,0,NA,0
1987-10-08,Hyderabad (Sind),League-Match,PAK,SL,,,,,Javed Miandad,1987,Pakistan,played,Pakistan,NA,0,NA,0,NA,0,NA,0
1987-10-23,Eden Gardens,League-Match,ZIM,NZ,,,,,Jeff Crowe,1987,India,played,New Zealand,NA,0,NA,0,NA,0,NA,0
1987-10-13,Chennai,League-Match,AUS,ZIM,,,,,Steve Waugh,1987,India,played,Australia,NA,0,NA,0,NA,0,NA,0
NA,Peshawar,League-Match,ENG,SL,,,,,Allan Lamb,1987,Pakistan,played,England,NA,0,NA,0,NA,0,NA,0
1987-10-25,Faisalabad,League-Match,PAK,SL,,,,,Saleem Malik,1987,Pakistan,played,Pakistan,NA,0,NA,0,NA,0,NA,0
NA,Gujranwala,League-Match,WI,ENG,,,,,Allan Lamb,1987,Pakistan,played,England,NA,0,NA,0,NA,0,NA,0
1987-10-21,Kanpur,League-Match,WI,SL,,,,,Phil Simmons,1987,India,played,West Indies,NA,0,NA,0,NA,0,NA,0
1987-10-20,Karachi,League-Match,ENG,PAK,,,,,Imran Khan,1987,Pakistan,played,Pakistan,NA,0,NA,0,NA,0,NA,0
1987-10-18,Indore,League-Match,AUS,NZ,,,,,David Boon,1987,India,played,Australia,NA,0,NA,0,NA,0,NA,0
NA,Karachi,League-Match,WI,SL,,,,,Viv Richards,1987,Pakistan,played,West Indies,NA,0,NA,0,NA,0,NA,0
1987-10-26,Jaipur,League-Match,ENG,WI,,,,,Graham Gooch,1987,India,played,England,NA,0,NA,0,NA,0,NA,0
1987-10-09,Chennai,League-Match,AUS,IND,,,,,Geoff Marsh,1987,India,played,Australia,NA,0,NA,0,NA,0,NA,0
1987-10-16,Lahore,League-Match,WI,PAK,,,,,Saleem Yousuf,1987,Pakistan,played,Pakistan,NA,0,NA,0,NA,0,NA,0
1987-10-22,Delhi,League-Match,IND,AUS,,,,,Mohammad Azharuddin,1987,India,played,India,NA,0,NA,0,NA,0,NA,0
1987-10-12,Rawalpindi,League-Match,PAK,ENG,,,,,Abdul Qadir,1987,Pakistan,played,Pakistan,NA,0,NA,0,NA,0,NA,0
1987-11-08,Eden Gardens,Final,AUS,ENG,,,,,David Boon,1987,India,played,Australia,NA,0,NA,0,NA,0,NA,0
1987-10-17,Wankhede,League-Match,ZIM,IND,,,,,Manoj Prabhakar,1987,India,played,India,NA,0,NA,0,NA,0,NA,0
1992-03-08,Auckland,League-Match,WI,NZ,,,,,Martin Crowe,1992,New Zealand,played,New Zealand,NA,0,NA,0,NA,0,NA,0
NA,Brisbane,League-Match,SA,PAK,,,,,Andrew Hudson,1992,Australia,played,South Africa,NA,0,NA,0,NA,0,NA,0
1992-03-04,Sydney,League-Match,IND,PAK,,,,,Sachin Tendulkar,1992,Australia,played,India,NA,0,NA,0,NA,0,NA,0
1992-02-26,Sydney,League-Match,AUS,SA,,,,,Kepler Wessels,1992,Australia,played,South Africa,NA,0,NA,0,NA,0,NA,0
1992-03-10,Wellington,League-Match,IND,WI,,,,,Anderson Cummins,1992,New Zealand,played,West Indies,NA,0,NA,0,NA,0,NA,0
1992-03-01,Brisbane,League-Match,AUS,IND,,,,,Dean Jones,1992,Australia,played,Australia,NA,0,NA,0,NA,0,NA,0
1992-02-28,Mackay,League-Match,IND,SL,,,NA,NA,NA,1992,New Zealand,abandoned,NA,NA,0,NA,0,NA,0,NA,0
NA,Perth,League-Match,ENG,IND,,,,,Ian Botham,1992,Australia,played,England,NA,0,NA,0,NA,0,NA,0
NA,Perth,League-Match,SL,PAK,,,,,Javed Miandad,1992,Australia,played,Pakistan,NA,0,NA,0,NA,0,NA,0
1992-03-05,Christchurch,League-Match,SA,WI,,,,,Meyrick Pringle,1992,New Zealand,played,South Africa,NA,0,NA,0,NA,0,NA,0
1992-03-03,Napier,League-Match,NZ,ZIM,,,,,Martin Crowe,1992,New Zealand,played,New Zealand,NA,0,NA,0,NA,0,NA,0
1992-03-12,Dunedin,League-Match,IND,NZ,,,,,Mark Greatbatch,1992,New Zealand,played,New Zealand,NA,0,NA,0,NA,0,NA,0
NA,Albury,League-Match,ZIM,ENG,,,,,Eddo Brandes,1992,New Zealand,played,Zimbabwe,NA,0,NA,0,NA,0,NA,0
NA,Adelaide,League-Match,IND,SA,,,,,Peter Kirsten,1992,Australia,played,South Africa,NA,0,NA,0,NA,0,NA,0
1992-03-09,Ballarat,League-Match,ENG,SL,,,,,Chris Lewis,1992,New Zealand,played,England,NA,0,NA,0,NA,0,NA,0
1992-03-25,Melbourne,Final,PAK,ENG,,,,,Wasim Akram,1992,Australia,played,Pakistan,NA,0,NA,0,NA,0,NA,0
1992-03-14,Hobart,League-Match,AUS,ZIM,,,,,Steve Waugh,1992,Australia,played,Australia,NA,0,NA,0,NA,0,NA,0
1992-02-22,Auckland,League-Match,NZ,AUS,,,,,Martin Crowe,1992,New Zealand,played,New Zealand,NA,0,NA,0,NA,0,NA,0
NA,Canberra,League-Match,ZIM,SA,,,,,Peter Kirsten,1992,Australia,played,South Africa,NA,0,NA,0,NA,0,NA,0
NA,Adelaide,League-Match,SL,AUS,,,,,Tom Moody,1992,Australia,played,Australia,NA,0,NA,0,NA,0,NA,0
1992-03-11,Perth,League-Match,PAK,AUS,,,,,Aamer Sohail,1992,Australia,played,Pakistan,NA,0,NA,0,NA,0,NA,0
NA,Melbourne,League-Match,SA,ENG,,,,,Alec Stewart,1992,Australia,played,England,NA,0,NA,0,NA,0,NA,0
NA,Adelaide,League-Match,PAK,ENG,,,,,NA,1992,Australia,abandoned,NA,NA,0,NA,0,NA,0,NA,0
1992-03-22,Sydney,Semi-Final,ENG,SA,,,,,Graeme Hick,1992,Australia,played,England,NA,0,NA,0,NA,0,NA,0
NA,Brisbane,League-Match,WI,ZIM,,,,,Brian Lara,1992,Australia,played,West Indies,NA,0,NA,0,NA,0,NA,0
1992-02-27,Hobart,League-Match,PAK,ZIM,,,,,Aamer Sohail,1992,Australia,played,Pakistan,NA,0,NA,0,NA,0,NA,0
1992-03-18,Christchurch,League-Match,NZ,PAK,,,,,Mushtaq Ahmed,1992,New Zealand,played,Pakistan,NA,0,NA,0,NA,0,NA,0
1992-03-02,Wellington,League-Match,SA,SL,,,,,Arjuna Ranatunga,1992,New Zealand,played,Sri Lanka,NA,0,NA,0,NA,0,NA,0
1992-03-15,Wellington,League-Match,ENG,NZ,,,,,Andrew Jones,1992,New Zealand,played,New Zealand,NA,0,NA,0,NA,0,NA,0
1992-03-07,Hamilton,League-Match,IND,ZIM,,,,,Sachin Tendulkar,1992,New Zealand,played,India,NA,0,NA,0,NA,0,NA,0
1992-03-13,Berri,League-Match,WI,SL,,,,,Phil Simmons,1992,New Zealand,played,West Indies,NA,0,NA,0,NA,0,NA,0
1992-02-25,Hamilton,League-Match,SL,NZ,,,,,Ken Rutherford,1992,New Zealand,played,New Zealand,NA,0,NA,0,NA,0,NA,0
1992-02-29,Auckland,League-Match,SA,NZ,,,,,Mark Greatbatch,1992,New Zealand,played,New Zealand,NA,0,NA,0,NA,0,NA,0
1992-02-23,New Plymouth,League-Match,ZIM,SL,,,,,Andy Flower,1992,New Zealand,played,Sri Lanka,NA,0,NA,0,NA,0,NA,0
1992-03-21,Auckland,Semi-Final,NZ,PAK,,,,,Inzamam-ul-Haq,1992,New Zealand,played,Pakistan,NA,0,NA,0,NA,0,NA,0
1996-02-23,Visakhapatnam,League-Match,AUS,KENYA,,,,,Mark Waugh,1996,India,played,Australia,NA,0,NA,0,NA,0,NA,0
1996-02-16,Rawalpindi,League-Match,SA,UAE,,,,,Gary Kirsten,1996,Pakistan,played,South Africa,NA,0,NA,0,NA,0,NA,0
1996-03-14,Mohali,Semi-Final,Australia,West Indies,,,,,Shane Warne,1996,India,played,Australia,NA,0,NA,0,NA,0,NA,0
1996-03-11,Karachi,League-Match,WI,SA,,,,,Brian Lara,1996,Pakistan,played,West Indies,NA,0,NA,0,NA,0,NA,0
NA,Faisalabad,League-Match,NZ,UAE,,,,,Roger Twose,1996,Pakistan,played,New Zealand,NA,0,NA,0,NA,0,NA,0
1996-02-17,Vadodara,League-Match,NZ,NED,,,,,Craig Spearman,1996,India,played,New Zealand,NA,0,NA,0,NA,0,NA,0
1996-03-04,Jaipur,League-Match,AUS,WI,,,,,Richie Richardson,1996,India,played,West Indies,NA,0,NA,0,NA,0,NA,0
1996-02-25,Colombo (RPS),League-Match,SL,WI,NA,NA,NA,NA,NA,1996,Sri Lanka,played,Sri Lanka,NA,0,NA,0,NA,0,NA,0
1996-03-17,Lahore,Final,AUS,SL,,,,,Aravinda de Silva,1996,Pakistan,played,Sri Lanka,NA,0,NA,0,NA,0,NA,0
1996-03-13,Eden Gardens,Semi-Final,SL,IND,,,,,Aravinda de Silva,1996,India,played,Sri Lanka,NA,0,NA,0,NA,0,NA,0
NA,Chennai,League-Match,NZ,AUS,,,,,Mark Waugh,1996,India,played,Australia,NA,0,NA,0,NA,0,NA,0
1996-02-26,Patna,League-Match,ZIM,KENYA,,,NA,NA,NA,1996,India,abandoned,NA,NA,0,NA,0,NA,0,NA,0
NA,Bengaluru,League-Match,IND,PAK,,,,,Navjot Sidhu,1996,India,played,India,NA,0,NA,0,NA,0,NA,0
1996-02-24,Gujranwala,League-Match,UAE,PAK,,,,,Mushtaq Ahmed,1996,Pakistan,played,Pakistan,NA,0,NA,0,NA,0,NA,0
1996-03-05,Rawalpindi,League-Match,SA,NED,,,,,Andrew Hudson,1996,Pakistan,played,South Africa,NA,0,NA,0,NA,0,NA,0
1996-02-21,Colombo (SSC),League-Match,ZIM,SL,,,,,Aravinda de Silva,1996,Sri Lanka,played,Sri Lanka,NA,0,NA,0,NA,0,NA,0
NA,Lahore,League-Match,NED,PAK,,,,,Waqar Younis,1996,Pakistan,played,Pakistan,NA,0,NA,0,NA,0,NA,0
1996-03-03,Karachi,League-Match,ENG,PAK,,,,,Aamer Sohail,1996,Pakistan,played,Pakistan,NA,0,NA,0,NA,0,NA,0
NA,Peshawar,League-Match,UAE,ENG,,,,,Neil Smith,1996,Pakistan,played,England,NA,0,NA,0,NA,0,NA,0
NA,Karachi,League-Match,PAK,SA,,,,,Hansie Cronje,1996,Pakistan,played,South Africa,NA,0,NA,0,NA,0,NA,0
1996-02-27,Patna,League-Match,KENYA,ZIM,,,,,Paul Strang,1996,India,played,Zimbabwe,NA,0,NA,0,NA,0,NA,0
1996-02-20,Faisalabad,League-Match,NZ,SA,,,,,Hansie Cronje,1996,Pakistan,played,South Africa,NA,0,NA,0,NA,0,NA,0
NA,Kandy,League-Match,SL,KENYA,,,,,Aravinda de Silva,1996,India,played,Sri Lanka,NA,0,NA,0,NA,0,NA,0
1996-02-14,Ahmedabad,League-Match,NZ,ENG,,,,,Nathan Astle,1996,India,played,New Zealand,NA,0,NA,0,NA,0,NA,0
1996-03-02,Delhi,League-Match,IND,SL,,,,,Sanath Jayasuriya,1996,India,played,Sri Lanka,NA,0,NA,0,NA,0,NA,0
1996-03-06,Kanpur,League-Match,IND,ZIM,,,,,Ajay Jadeja,1996,India,played,India,NA,0,NA,0,NA,0,NA,0
1996-02-29,Pune,League-Match,KENYA,WI,,,,,Maurice Odumbe,1996,India,played,Kenya,NA,0,NA,0,NA,0,NA,0
1996-02-18,Cuttack,League-Match,KENYA,IND,,,,,Sachin Tendulkar,1996,India,played,India,NA,0,NA,0,NA,0,NA,0
1996-03-09,Faisalabad,League-Match,ENG,SL,,,,,Sanath Jayasuriya,1996,Pakistan,played,Sri Lanka,NA,0,NA,0,NA,0,NA,0
1996-02-22,Peshawar,League-Match,ENG,NED,,,,,Graeme Hick,1996,Pakistan,played,England,NA,0,NA,0,NA,0,NA,0
1996-03-01,Nagpur,League-Match,ZIM,AUS,,,,,Shane Warne,1996,India,played,Australia,NA,0,NA,0,NA,0,NA,0
NA,Lahore,League-Match,NED,UAE,,,,,Saleem Raza,1996,Pakistan,played,NA,NA,0,NA,0,NA,0,NA,0
1999-05-17,Chelmsford,League-Match,BAN,NZ,,,,,Gavin Larsen,1999,England,played,New Zealand,NA,0,NA,0,NA,0,NA,0
1999-06-20,Lord's,Final,PAK,AUS,,,,,Shane Warne,1999,England,played,Australia,NA,0,NA,0,NA,0,NA,0
1999-05-26,Amstelveen,League-Match,KENYA,SA,,,,,Lance Klusener,1999,England,played,South Africa,NA,0,NA,0,NA,0,NA,0
1999-06-11,The Oval,League-Match,PAK,ZIM,,,,,Saeed Anwar,1999,England,played,Pakistan,NA,0,NA,0,NA,0,NA,0
1999-05-23,Bristol,League-Match,IND,KENYA,,,,,Sachin Tendulkar,1999,England,played,India,NA,0,NA,0,NA,0,NA,0
1999-06-08,Manchester,League-Match,IND,PAK,,,,,Venkatesh Prasad,1999,England,played,India,NA,0,NA,0,NA,0,NA,0
1999-06-09,Lord's,League-Match,AUS,ZIM,,,,,Neil Johnson,1999,England,played,Australia,NA,0,NA,0,NA,0,NA,0
1999-06-04,The Oval,League-Match,AUS,IND,,,,,Glenn McGrath,1999,England,played,Australia,NA,0,NA,0,NA,0,NA,0
1999-05-20,Cardiff,League-Match,AUS,NZ,,,,,Roger Twose,1999,England,played,New Zealand,NA,0,NA,0,NA,0,NA,0
1999-06-12,Nottingham,League-Match,IND,NZ,,,,,Roger Twose,1999,England,played,New Zealand,NA,0,NA,0,NA,0,NA,0
NA,Edinburgh,League-Match,SCOT,NZ,,,,,Geoff Allott,1999,England,played,New Zealand,NA,0,NA,0,NA,0,NA,0
1999-05-14,Lord's,League-Match,SL,ENG,,,,,Alec Stewart,1999,England,played,England,NA,0,NA,0,NA,0,NA,0
1999-05-27,Chester-le-Street,League-Match,BAN,AUS,,,,,Tom Moody,1999,England,played,Australia,NA,0,NA,0,NA,0,NA,0
1999-06-16,Manchester,Semi-Final,NZ,PAK,,,,,Shoaib Akhtar,1999,England,played,Pakistan,NA,0,NA,0,NA,0,NA,0
NA,Northampton,League-Match,SA,SL,,,,,Lance Klusener,1999,England,played,South Africa,NA,0,NA,0,NA,0,NA,0
1999-05-28,Derby,League-Match,PAK,NZ,,,,,Inzamam-ul-Haq,1999,England,played,Pakistan,NA,0,NA,0,NA,0,NA,0
1999-06-13,Leeds,League-Match,SA,AUS,,,,,Steve Waugh,1999,England,played,Australia,NA,0,NA,0,NA,0,NA,0
1999-06-10,Birmingham,League-Match,SA,NZ,,,,,Jacques Kallis,1999,England,played,South Africa,NA,0,NA,0,NA,0,NA,0
1999-05-29,Birmingham,League-Match,IND,ENG,,,,,Sourav Ganguly,1999,England,played,India,NA,0,NA,0,NA,0,NA,0
1999-06-17,Birmingham,Semi-Final,AUS,SA,,,,,Shane Warne,1999,England,played,NA,NA,0,NA,0,NA,0,NA,0
1999-05-16,Worcester,League-Match,SCOT,AUS,,,,,Mark Waugh,1999,England,played,Australia,NA,0,NA,0,NA,0,NA,0
1999-06-06,Leeds,League-Match,ZIM,NZ,,,,,NA,1999,England,abandoned,NA,NA,0,NA,0,NA,0,NA,0
1999-05-30,Southampton,League-Match,SL,KENYA,,,,,Maurice Odumbe,1999,England,played,Sri Lanka,NA,0,NA,0,NA,0,NA,0
1999-05-15,Hove,League-Match,IND,SA,,,,,Jacques Kallis,1999,England,played,South Africa,NA,0,NA,0,NA,0,NA,0
NA,Chester-le-Street,League-Match,PAK,SCOT,,,,,Mohammad Yousuf,1999,England,played,Pakistan,NA,0,NA,0,NA,0,NA,0
1999-06-05,Nottingham,League-Match,PAK,SA,,,,,Lance Klusener,1999,England,played,South Africa,NA,0,NA,0,NA,0,NA,0
NA,Taunton,League-Match,IND,SL,,,,,Sourav Ganguly,1999,England,played,India,NA,0,NA,0,NA,0,NA,0
1999-05-31,Northampton,League-Match,BAN,PAK,,,,,Khaled Mahmud,1999,England,played,Bangladesh,NA,0,NA,0,NA,0,NA,0
1999-05-22,The Oval,League-Match,SA,ENG,,,,,Lance Klusener,1999,England,played,South Africa,NA,0,NA,0,NA,0,NA,0
1999-05-21,Dublin,League-Match,BAN,WI,,,,,Courtney Walsh,1999,England,played,West Indies,NA,0,NA,0,NA,0,NA,0
1999-05-24,Edinburgh,League-Match,BAN,SCOT,,,,,Minhajul Abedin,1999,England,played,Bangladesh,NA,0,NA,0,NA,0,NA,0
1999-05-25,Nottingham,League-Match,ZIM,ENG,,,,,Alan Mullally,1999,England,played,England,NA,0,NA,0,NA,0,NA,0
NA,Leicester,League-Match,SCOT,WI,,,,,Courtney Walsh,1999,England,played,West Indies,NA,0,NA,0,NA,0,NA,0
1999-05-19,Leicester,League-Match,ZIM,IND,,,,,Grant Flower,1999,England,played,Zimbabwe,NA,0,NA,0,NA,0,NA,0
NA,Taunton,League-Match,KENYA,ZIM,,,,,Neil Johnson,1999,England,played,Zimbabwe,NA,0,NA,0,NA,0,NA,0
NA,Worcester,League-Match,ZIM,SL,,,,,Marvan Atapattu,1999,England,played,Sri Lanka,NA,0,NA,0,NA,0,NA,0
1999-05-18,Canterbury,League-Match,KENYA,ENG,,,,,Steve Tikolo,1999,England,played,England,NA,0,NA,0,NA,0,NA,0
NA,Gqeberha,League-Match,ENG,NAM,,,,,Jan-Berrie Burger,2003,South Africa,played,England,NA,0,NA,0,NA,0,NA,0
2003-02-19,Harare,League-Match,IND,ZIM,,,,,Sachin Tendulkar,2003,South Africa,played,India,NA,0,NA,0,NA,0,NA,0
2003-03-14,Centurion,League-Match,NZ,IND,,,,,Zaheer Khan,2003,South Africa,played,India,NA,0,NA,0,NA,0,NA,0
2003-02-20,Potchefstroom,League-Match,AUS,NED,,,,,Damien Martyn,2003,South Africa,played,Australia,NA,0,NA,0,NA,0,NA,0
2003-03-23,Johannesburg,Final,AUS,IND,,,,,Ricky Ponting,2003,South Africa,played,Australia,NA,0,NA,0,NA,0,NA,0
2003-03-04,Bulawayo,League-Match,PAK,ZIM,,,NA,NA,NA,2003,South Africa,abandoned,NA,NA,0,NA,0,NA,0,NA,0
NA,Kimberley,League-Match,PAK,NAM,,,,,Wasim Akram,2003,South Africa,played,Pakistan,NA,0,NA,0,NA,0,NA,0
NA,Durban,League-Match,KENYA,AUS,,,,,Aasif Karim,2003,South Africa,played,Australia,NA,0,NA,0,NA,0,NA,0
2003-03-20,Durban,Semi-Final,IND,KENYA,,,,,Sourav Ganguly,2003,South Africa,played,India,NA,0,NA,0,NA,0,NA,0
NA,Durban,League-Match,SL,SA,,,,,Marvan Atapattu,2003,South Africa,played,NA,NA,0,NA,0,NA,0,NA,0
2003-02-10,Harare,League-Match,ZIM,NAM,,,,,Craig Wishart,2003,South Africa,played,Zimbabwe,NA,0,NA,0,NA,0,NA,0
NA,Cape Town,League-Match,CAN,KENYA,,,,,Thomas Odoyo,2003,South Africa,played,Kenya,NA,0,NA,0,NA,0,NA,0
2003-02-27,Potchefstroom,League-Match,AUS,NAM,,,,,Glenn McGrath,2003,South Africa,played,Australia,NA,0,NA,0,NA,0,NA,0
NA,Durban,League-Match,IND,ENG,,,,,Ashish Nehra,2003,South Africa,played,India,NA,0,NA,0,NA,0,NA,0
2003-02-26,Kimberley,League-Match,BAN,NZ,,,,,Craig McMillan,2003,South Africa,played,New Zealand,NA,0,NA,0,NA,0,NA,0
NA,Centurion,League-Match,PAK,IND,,,,,Sachin Tendulkar,2003,South Africa,played,India,NA,0,NA,0,NA,0,NA,0
NA,Bloemfontein,League-Match,NED,NAM,,,,,Feiko Kloppenburg,2003,South Africa,played,Netherlands,NA,0,NA,0,NA,0,NA,0
NA,East London,League-Match,SA,CAN,,,,,Boeta Dippenaar,2003,South Africa,played,South Africa,NA,0,NA,0,NA,0,NA,0
2003-02-18,Benoni,League-Match,WI,BAN,,,,,NA,2003,South Africa,abandoned,NA,NA,0,NA,0,NA,0,NA,0
2003-02-25,Paarl,League-Match,PAK,NED,,,,,Mohammad Yousuf,2003,South Africa,played,Pakistan,NA,0,NA,0,NA,0,NA,0
2003-03-10,Johannesburg,League-Match,IND,SL,,,,,Javagal Srinath,2003,South Africa,played,India,NA,0,NA,0,NA,0,NA,0
2003-02-21,Nairobi (Gym),League-Match,KENYA,NZ,NA,NA,NA,NA,NA,2003,South Africa,played,Kenya,NA,0,NA,0,NA,0,NA,0
2003-02-14,Pietermaritzburg,League-Match,BAN,SL,,,,,Chaminda Vaas,2003,South Africa,played,Sri Lanka,NA,0,NA,0,NA,0,NA,0
NA,Johannesburg,League-Match,SA,NZ,,,,,Stephen Fleming,2003,South Africa,played,New Zealand,NA,0,NA,0,NA,0,NA,0
2003-02-24,Nairobi (Gym),League-Match,KENYA,SL,,,,,Collins Obuya,2003,South Africa,played,Kenya,NA,0,NA,0,NA,0,NA,0
2003-02-22,Bloemfontein,League-Match,BAN,SA,,,,,Makhaya Ntini,2003,South Africa,played,South Africa,NA,0,NA,0,NA,0,NA,0
2003-03-07,Centurion,League-Match,AUS,SL,,,,,Ricky Ponting,2003,South Africa,played,Australia,NA,0,NA,0,NA,0,NA,0
2003-02-15,Centurion,League-Match,IND,AUS,,,,,Jason Gillespie,2003,South Africa,played,Australia,NA,0,NA,0,NA,0,NA,0
2003-03-12,Bloemfontein,League-Match,ZIM,KENYA,,,,,Martin Suji,2003,South Africa,played,Kenya,NA,0,NA,0,NA,0,NA,0
2003-02-16,East London,League-Match,NED,ENG,,,,,James Anderson,2003,South Africa,played,England,NA,0,NA,0,NA,0,NA,0
2003-03-18,Gqeberha,Semi-Final,AUS,SL,,,,,Andrew Symonds,2003,South Africa,played,Australia,NA,0,NA,0,NA,0,NA,0
2003-02-09,Cape Town,League-Match,WI,SA,,,,,Brian Lara,2003,South Africa,played,West Indies,NA,0,NA,0,NA,0,NA,0
NA,Cape Town,League-Match,KENYA,IND,,,,,Sourav Ganguly,2003,South Africa,played,India,NA,0,NA,0,NA,0,NA,0
2003-03-11,Gqeberha,League-Match,AUS,NZ,,,,,Shane Bond,2003,South Africa,played,Australia,NA,0,NA,0,NA,0,NA,0
NA,Paarl,League-Match,IND,NED,,,,,Tim de Leede,2003,South Africa,played,India,NA,0,NA,0,NA,0,NA,0
2003-03-03,Benoni,League-Match,CAN,NZ,,,,,John Davison,2003,South Africa,played,New Zealand,NA,0,NA,0,NA,0,NA,0
NA,Durban,League-Match,CAN,BAN,,,,,Austin Codrington,2003,South Africa,played,Canada,NA,0,NA,0,NA,0,NA,0
2003-02-12,Potchefstroom,League-Match,KENYA,SA,,,,,Lance Klusener,2003,South Africa,played,South Africa,NA,0,NA,0,NA,0,NA,0
NA,Pietermaritzburg,League-Match,IND,NAM,,,,,Sachin Tendulkar,2003,South Africa,played,India,NA,0,NA,0,NA,0,NA,0
2003-03-15,East London,League-Match,SL,ZIM,,,,,Marvan Atapattu,2003,South Africa,played,Sri Lanka,NA,0,NA,0,NA,0,NA,0
2003-02-13,Harare,League-Match,ZIM,ENG,NA,NA,NA,NA,NA,2003,South Africa,played,Zimbabwe,NA,0,NA,0,NA,0,NA,0
2003-03-02,Gqeberha,League-Match,ENG,AUS,,,,,Andy Bichel,2003,South Africa,played,Australia,NA,0,NA,0,NA,0,NA,0
2003-02-28,Bulawayo,League-Match,ZIM,NED,,,,,Heath Streak,2003,South Africa,played,Zimbabwe,NA,0,NA,0,NA,0,NA,0
2003-03-01,Johannesburg,League-Match,KENYA,BAN,,,,,Maurice Odumbe,2003,South Africa,played,Kenya,NA,0,NA,0,NA,0,NA,0
2003-02-23,Centurion,League-Match,CAN,WI,,,,,John Davison,2003,South Africa,played,West Indies,NA,0,NA,0,NA,0,NA,0
2003-02-11,Johannesburg,League-Match,AUS,PAK,,,,,Andrew Symonds,2003,South Africa,played,Australia,NA,0,NA,0,NA,0,NA,0
2003-03-08,Bloemfontein,League-Match,ZIM,NZ,,,,,Nathan Astle,2003,South Africa,played,New Zealand,NA,0,NA,0,NA,0,NA,0
NA,Paarl,League-Match,CAN,SL,,,,,Prabath Nissanka,2003,South Africa,played,Sri Lanka,NA,0,NA,0,NA,0,NA,0
NA,Kimberley,League-Match,WI,KENYA,,,,,Vasbert Drakes,2003,South Africa,played,West Indies,NA,0,NA,0,NA,0,NA,0
2007-03-31,North Sound,League-Match,BAN,AUS,,,,,Glenn McGrath,2007,West Indies,played,Australia,GD McGrath,3,NW Bracken,2,AC Gilchrist,59,ML Hayden,47
NA,Kingston,League-Match,PAK,ZIM,,,,,Imran Nazir,2007,West Indies,played,Pakistan,Shahid Afridi,3,GB Brent,3,Imran Nazir,160,Inzamam-ul-Haq,37
2007-04-19,Bridgetown,League-Match,WI,BAN,,,,,Ramnaresh Sarwan,2007,West Indies,played,NA,DBL Powell,3,CD Collymore,2,RR Sarwan,91,S Chanderpaul,50
2007-04-24,Kingston,Semi-Final,SL,NZ,,,,,Mahela Jayawardene,2007,West Indies,played,Sri Lanka,M Muralidaran,4,TM Dilshan,2,DPMD Jayawardene,115,WU Tharanga,73
2007-03-28,Providence,League-Match,SL,SA,,,,,Charl Langeveldt,2007,West Indies,played,South Africa,CK Langeveldt,5,SL Malinga,4,JH Kallis,86,GC Smith,59
NA,Kingston,League-Match,IRE,WI,,,,,Shivnarine Chanderpaul,2007,West Indies,played,West Indies,CH Gayle,2,DBL Powell,2,S Chanderpaul,102,JP Bray,41
2007-04-18,St George's,League-Match,IRE,SL,,,,,Farveez Maharoof,2007,West Indies,played,Sri Lanka,MF Maharoof,4,M Muralidaran,4,DPMD Jayawardene,39,ST Jayasuriya,24
2007-04-20,St George's,League-Match,AUS,NZ,,,,,Matthew Hayden,2007,West Indies,played,NA,GB Hogg,4,SW Tait,3,ML Hayden,103,RT Ponting,66
2007-03-20,Basseterre,League-Match,SCOT,SA,,,,,Graeme Smith,2007,West Indies,played,South Africa,AJ Hall,3,CK Langeveldt,2,GC Smith,91,AB de Villiers,62
2007-03-14,Basseterre,League-Match,AUS,SCOT,,,,,Ricky Ponting,2007,West Indies,played,Australia,GD McGrath,3,SW Tait,2,RT Ponting,113,ML Hayden,60
NA,Gros Islet,League-Match,ENG,NZ,,,,,Scott Styris,2007,West Indies,played,New Zealand,SE Bond,2,SB Styris,2,SB Styris,87,JDP Oram,63
2007-04-09,Providence,League-Match,NZ,IRE,,,,,Peter Fulton,2007,West Indies,played,New Zealand,DL Vettori,4,WK McCallan,2,PG Fulton,83,"""KJ OBrien",49
2007-04-17,Bridgetown,League-Match,ENG,SA,,,,,Andrew Hall,2007,West Indies,played,South Africa,AJ Hall,5,A Nel,3,GC Smith,89,AJ Strauss,46
2007-04-28,Bridgetown,Final,AUS,SL,,,,,Adam Gilchrist,2007,West Indies,played,Australia,SL Malinga,2,MJ Clarke,2,AC Gilchrist,149,ST Jayasuriya,63
NA,Kingston,League-Match,IRE,ZIM,,,,,Jeremy Bray,2007,West Indies,played,NA,E Chigumbura,2,GB Brent,2,JP Bray,115,S Matsikenyeri,73
2007-03-25,Port of Spain,League-Match,BER,BAN,,,,,Mohammad Ashraful,2007,West Indies,played,Bangladesh,S Mukuddem,3,Abdur Razzak,3,Mohammad Ashraful,29,Shakib Al Hasan,26
2007-03-23,Port of Spain,League-Match,SL,IND,,,,,Muthiah Muralidaran,2007,West Indies,played,Sri Lanka,M Muralidaran,3,WPUJC Vaas,2,WU Tharanga,64,R Dravid,60
2007-03-21,Port of Spain,League-Match,SL,BAN,,,,,Sanath Jayasuriya,2007,West Indies,played,Sri Lanka,SL Malinga,3,WPUJC Vaas,1,ST Jayasuriya,109,KC Sangakkara,56
2007-03-27,North Sound,League-Match,AUS,WI,,,,,Matthew Hayden,2007,West Indies,played,Australia,GD McGrath,3,GB Hogg,3,ML Hayden,158,BC Lara,77
2007-03-24,Basseterre,League-Match,AUS,SA,,,,,Matthew Hayden,2007,West Indies,played,Australia,GB Hogg,3,NW Bracken,2,ML Hayden,101,AB de Villiers,92
2007-04-01,Providence,League-Match,SL,WI,,,,,Sanath Jayasuriya,2007,West Indies,played,Sri Lanka,ST Jayasuriya,3,WPUJC Vaas,2,ST Jayasuriya,115,DPMD Jayawardene,82
2007-03-13,Kingston,League-Match,WI,PAK,,,,,Dwayne Smith,2007,West Indies,played,West Indies,DR Smith,3,Iftikhar Anjum,3,MN Samuels,63,Shoaib Malik,62
2007-03-30,Providence,League-Match,ENG,IRE,,,,,Paul Collingwood,2007,West Indies,played,England,A Flintoff,4,MS Panesar,2,PD Collingwood,90,"""NJ OBrien",63
2007-03-15,Port of Spain,League-Match,SL,BER,,,,,Mahela Jayawardene,2007,West Indies,played,Sri Lanka,MF Maharoof,4,SL Malinga,3,DPMD Jayawardene,85,KC Sangakkara,76
NA,Gros Islet,League-Match,KENYA,ENG,,,,,Ed Joyce,2007,West Indies,played,England,JM Anderson,2,A Flintoff,2,SO Tikolo,76,EC Joyce,75
2007-04-25,Gros Islet,Semi-Final,SA,AUS,,,,,Glenn McGrath,2007,West Indies,played,Australia,SW Tait,4,GD McGrath,3,MJ Clarke,60,JM Kemp,49
2007-03-16,Basseterre,League-Match,SA,NED,,,,,Herschelle Gibbs,2007,West Indies,played,South Africa,JM Kemp,2,SM Pollock,1,JH Kallis,128,MV Boucher,75
NA,Gros Islet,League-Match,ENG,CAN,,,,,Paul Collingwood,2007,West Indies,played,England,S Dhaniram,3,RS Bopara,2,EC Joyce,66,PD Collingwood,62
NA,Gros Islet,League-Match,NZ,CAN,,,,,Lou Vincent,2007,West Indies,played,New Zealand,JS Patel,3,DL Vettori,3,L Vincent,101,SP Fleming,66
2007-04-08,North Sound,League-Match,ENG,AUS,,,,,Shaun Tait,2007,West Indies,played,Australia,NW Bracken,3,SW Tait,3,KP Pietersen,104,RT Ponting,86
NA,Gros Islet,League-Match,NZ,KENYA,,,,,Ross Taylor,2007,West Indies,played,New Zealand,JEC Franklin,2,MJ Mason,2,LRPL Taylor,85,CD McMillan,71
2007-04-03,Providence,League-Match,IRE,SA,,,,,Jacques Kallis,2007,West Indies,played,South Africa,CK Langeveldt,3,SM Pollock,2,JH Kallis,66,AG Prince,47
2007-04-02,North Sound,League-Match,BAN,NZ,,,,,Shane Bond,2007,West Indies,played,New Zealand,SB Styris,4,JDP Oram,3,SP Fleming,102,HJH Marshall,50
2007-04-14,St George's,League-Match,SA,NZ,,,,,Craig McMillan,2007,West Indies,played,New Zealand,CD McMillan,3,SE Bond,2,HH Gibbs,60,SB Styris,56
2007-04-07,Providence,League-Match,BAN,SA,,,,,Mohammad Ashraful,2007,West Indies,played,Bangladesh,A Nel,5,Abdur Razzak,3,Mohammad Ashraful,87,HH Gibbs,56
2007-03-18,Basseterre,League-Match,AUS,NED,,,,,Brad Hodge,2007,West Indies,played,Australia,GB Hogg,4,TBM de Leede,2,BJ Hodge,123,MJ Clarke,93
2007-04-10,St George's,League-Match,SA,WI,,,,,AB de Villiers,2007,West Indies,played,South Africa,CD Collymore,2,SM Pollock,2,AB de Villiers,146,RR Sarwan,92
2007-03-17,Port of Spain,League-Match,IND,BAN,,,,,Mashrafe Mortaza,2007,West Indies,played,Bangladesh,Mashrafe Mortaza,4,Mohammad Rafique,3,SC Ganguly,66,Mushfiqur Rahim,56
2007-03-22,Basseterre,League-Match,SCOT,NED,,,,,Billy Stelling,2007,West Indies,played,Netherlands,WF Stelling,3,Mohammad Kashif,2,RN ten Doeschate,70,B Zuiderent,43
2007-03-29,North Sound,League-Match,WI,NZ,,,,,Jacob Oram,2007,West Indies,played,New Zealand,JDP Oram,3,SE Bond,3,SB Styris,80,SP Fleming,45
NA,Kingston,League-Match,PAK,IRE,,,,,Niall O'Brien,2007,West Indies,played,Ireland,Mohammad Sami,3,WB Rankin,3,"""NJ OBrien",72,Kamran Akmal,27
2007-04-04,North Sound,League-Match,SL,ENG,,,,,Ravi Bopara,2007,West Indies,played,Sri Lanka,SI Mahmood,4,A Flintoff,3,WU Tharanga,62,KP Pietersen,58
2007-04-12,St George's,League-Match,NZ,SL,,,,,Chaminda Vaas,2007,West Indies,played,Sri Lanka,M Muralidaran,3,WPUJC Vaas,3,SB Styris,111,KC Sangakkara,69
2007-04-11,Bridgetown,League-Match,BAN,ENG,,,,,Sajid Mahmood,2007,West Indies,played,England,SI Mahmood,3,MS Panesar,3,Shakib Al Hasan,57,MP Vaughan,30
2007-04-16,St George's,League-Match,SL,AUS,,,,,Nathan Bracken,2007,West Indies,played,Australia,NW Bracken,4,GB Hogg,2,DPMD Jayawardene,72,RT Ponting,66
2007-04-21,Bridgetown,League-Match,WI,ENG,,,,,Kevin Pietersen,2007,West Indies,played,England,MP Vaughan,3,DJ Bravo,2,KP Pietersen,100,CH Gayle,79
2007-03-19,Port of Spain,League-Match,IND,BER,,,,,Virender Sehwag,2007,West Indies,played,India,AB Agarkar,3,A Kumble,3,V Sehwag,114,SC Ganguly,89
2007-04-15,Bridgetown,League-Match,IRE,BAN,,,,,William Porterfield,2007,West Indies,played,Ireland,D Langford-Smith,2,WK McCallan,2,WTS Porterfield,85,"""KJ OBrien",48
2007-04-13,Bridgetown,League-Match,IRE,AUS,,,,,Glenn McGrath,2007,West Indies,played,Australia,GD McGrath,3,SW Tait,3,AC Gilchrist,34,MEK Hussey,30
2011-02-21,Ahmedabad,League-Match,AUS,ZIM,,,,,Shane Watson,2011,India,played,Australia,MG Johnson,4,JJ Krejza,2,SR Watson,79,MJ Clarke,58
2011-04-02,Wankhede,Final,SL,IND,,,,,MS Dhoni,2011,India,played,India,SL Malinga,2,Yuvraj Singh,2,DPMD Jayawardene,103,G Gambhir,97
2011-03-12,Nagpur,League-Match,IND,SA,,,,,Dale Steyn,2011,India,played,South Africa,DW Steyn,5,Harbhajan Singh,3,SR Tendulkar,111,V Sehwag,73
2011-03-20,Eden Gardens,League-Match,ZIM,KENYA,,,,,Craig Ervine,2011,India,played,Zimbabwe,RW Price,2,GA Lamb,2,CR Ervine,66,V Sibanda,61
2011-03-17,Chennai,League-Match,ENG,WI,,,,,James Tredwell,2011,India,played,England,JC Tredwell,4,AD Russell,4,AD Russell,49,IJL Trott,47
2011-02-20,Chennai,League-Match,KENYA,NZ,,,,,Hamish Bennett,2011,India,played,New Zealand,HK Bennett,4,JDP Oram,3,MJ Guptill,39,BB McCullum,26
2011-03-23,Mirpur,Final,WI,PAK,,,,,Mohammad Hafeez,2011,Bangladesh,played,Pakistan,Shahid Afridi,4,Mohammad Hafeez,2,Mohammad Hafeez,61,Kamran Akmal,47
2011-03-01,Colombo (RPS),League-Match,KENYA,SL,,,,,Lasith Malinga,2011,Sri Lanka,played,Sri Lanka,SL Malinga,6,KMDN Kulasekara,1,WU Tharanga,67,CO Obuya,52
2011-03-18,Eden Gardens,League-Match,NED,IRE,,,,,Paul Stirling,2011,India,played,Ireland,TLW Cooper,2,PR Stirling,2,RN ten Doeschate,106,PR Stirling,101
NA,Colombo (RPS),League-Match,PAK,CAN,,,,,Shahid Afridi,2011,Sri Lanka,played,Pakistan,Shahid Afridi,5,HS Baidwan,3,Umar Akmal,48,AS Hansra,43
2011-02-19,Mirpur,League-Match,IND,BAN,,,,,Virender Sehwag,2011,Bangladesh,played,India,MM Patel,4,Z Khan,2,V Sehwag,175,V Kohli,100
NA,Delhi,League-Match,WI,NED,,,,,Kemar Roach,2011,India,played,West Indies,KAJ Roach,6,SJ Benn,3,CH Gayle,80,KA Pollard,60
2011-03-26,Colombo (RPS),Final,ENG,SL,,,,,Tillakaratne Dilshan,2011,Sri Lanka,played,Sri Lanka,M Muralidaran,2,BAW Mendis,1,TM Dilshan,108,WU Tharanga,102
NA,Bengaluru,League-Match,AUS,KENYA,,,,,Collins Obuya,2011,India,played,Australia,NN Odhiambo,3,JK Kamande,2,CO Obuya,98,MJ Clarke,93
2011-03-11,Mohali,League-Match,WI,IRE,,,,,Kieron Pollard,2011,India,played,West Indies,SJ Benn,4,"""KJ OBrien",4,DS Smith,107,KA Pollard,94
2011-03-24,Ahmedabad,Final,AUS,IND,,,,,Yuvraj Singh,2011,India,played,India,Yuvraj Singh,2,R Ashwin,2,RT Ponting,104,Yuvraj Singh,57
2011-02-25,Nagpur,League-Match,NZ,AUS,,,,,Mitchell Johnson,2011,India,played,Australia,MG Johnson,4,SW Tait,3,SR Watson,62,BJ Haddin,55
2011-03-19,Mirpur,League-Match,SA,BAN,,,,,Lonwabo Tsotsobe,2011,Bangladesh,played,South Africa,RJ Peterson,4,LL Tsotsobe,3,JH Kallis,69,F du Plessis,52
2011-03-03,Mohali,League-Match,SA,NED,,,,,AB de Villiers,2011,India,played,South Africa,Imran Tahir,3,RN ten Doeschate,3,AB de Villiers,134,HM Amla,113
2011-03-02,Bengaluru,League-Match,ENG,IRE,,,,,Kevin O'Brien,2011,India,played,Ireland,JF Mooney,4,GP Swann,3,"""KJ OBrien",113,IJL Trott,92
2011-03-13,Wankhede,League-Match,NZ,CAN,,,,,Brendon McCullum,2011,India,played,New Zealand,JDP Oram,3,HS Baidwan,3,BB McCullum,101,A Bagai,84
2011-03-29,Colombo (RPS),Semi-Final,NZ,SL,,,,,Kumar Sangakkara,2011,Sri Lanka,played,Sri Lanka,BAW Mendis,3,TG Southee,3,TM Dilshan,73,SB Styris,57
2011-03-25,Mirpur,Final,NZ,SA,,,,,Jacob Oram,2011,Bangladesh,played,New Zealand,JDP Oram,4,NL McCullum,3,JD Ryder,83,JH Kallis,47
2011-03-16,Bengaluru,League-Match,CAN,AUS,,,,,Shane Watson,2011,India,played,Australia,B Lee,4,SW Tait,2,SR Watson,94,BJ Haddin,88
2011-02-24,Delhi,League-Match,WI,SA,,,,,AB de Villiers,2011,India,played,South Africa,Imran Tahir,4,DW Steyn,3,AB de Villiers,107,DM Bravo,73
2011-02-28,Nagpur,League-Match,ZIM,CAN,,,,,Tatenda Taibu,2011,India,played,Zimbabwe,WD Balaji Rao,4,RW Price,3,T Taibu,98,CR Ervine,85
2011-03-30,Mohali,Semi-Final,IND,PAK,,,,,Sachin Tendulkar,2011,India,played,India,Wahab Riaz,5,A Nehra,2,SR Tendulkar,85,Misbah-ul-Haq,56
2011-03-07,Delhi,League-Match,KENYA,CAN,,,,,Henry Osinde,2011,India,played,Canada,H Osinde,4,Rizwan Cheema,2,AS Hansra,70,A Bagai,64
2011-03-10,Pallekele,League-Match,SL,ZIM,,,,,Tillakaratne Dilshan,2011,Sri Lanka,played,Sri Lanka,TM Dilshan,4,CB Mpofu,4,TM Dilshan,144,WU Tharanga,133
2011-02-27,Bengaluru,League-Match,IND,ENG,,,,,Andrew Strauss,2011,India,played,NA,TT Bresnan,5,Z Khan,3,AJ Strauss,158,SR Tendulkar,120
2011-03-15,Eden Gardens,League-Match,SA,IRE,,,,,Jean-Paul Duminy,2011,India,played,South Africa,RJ Peterson,3,M Morkel,3,JP Duminy,99,CA Ingram,46
2011-03-09,Delhi,League-Match,NED,IND,,,,,Yuvraj Singh,2011,India,played,India,Z Khan,3,PM Seelaar,3,Yuvraj Singh,51,V Sehwag,39
2011-03-14,Chattogram,League-Match,NED,BAN,,,,,Imrul Kayes,2011,Bangladesh,played,Bangladesh,Abdur Razzak,3,TLW Cooper,2,Imrul Kayes,73,RN ten Doeschate,53
NA,Chattogram,League-Match,ENG,BAN,,,,,Imrul Kayes,2011,Bangladesh,played,Bangladesh,A Shahzad,3,Abdur Razzak,2,IJL Trott,67,EJG Morgan,63
2011-02-22,Nagpur,League-Match,NED,ENG,,,,,Ryan ten Doeschate,2011,India,played,England,GP Swann,2,RN ten Doeschate,2,RN ten Doeschate,119,AJ Strauss,88
NA,Mirpur,League-Match,BAN,WI,,,,,Kemar Roach,2011,Bangladesh,played,West Indies,SJ Benn,4,DJG Sammy,3,CH Gayle,37,Junaid Siddique,25
2011-03-05,Colombo (RPS),League-Match,SL,AUS,,,NA,NA,NA,2011,Sri Lanka,abandoned,NA,SW Tait,1,B Lee,1,KC Sangakkara,73,TT Samaraweera,34
2011-03-06,Chennai,League-Match,ENG,SA,,,,,Ravi Bopara,2011,India,played,England,SCJ Broad,4,Imran Tahir,4,RS Bopara,60,IJL Trott,52
NA,Mirpur,League-Match,BAN,IRE,,,,,Tamim Iqbal,2011,Bangladesh,played,Bangladesh,Shafiul Islam,4,AC Botha,3,Tamim Iqbal,44,"""NJ OBrien",38
2011-03-08,Pallekele,League-Match,NZ,PAK,,,,,Ross Taylor,2011,Sri Lanka,played,New Zealand,TG Southee,3,Umar Gul,3,LRPL Taylor,131,Abdul Razzaq,62
2011-03-04,Ahmedabad,League-Match,ZIM,NZ,,,,,Martin Guptill,2011,India,played,New Zealand,TG Southee,3,DL Vettori,2,MJ Guptill,86,BB McCullum,76
NA,Bengaluru,League-Match,IRE,IND,,,,,Yuvraj Singh,2011,India,played,India,Yuvraj Singh,5,Z Khan,3,WTS Porterfield,75,Yuvraj Singh,50
2011-02-23,Hambantota,League-Match,PAK,KENYA,,,,,Umar Akmal,2011,Sri Lanka,played,Pakistan,Shahid Afridi,5,TM Odoyo,3,Umar Akmal,71,Misbah-ul-Haq,65
NA,Hambantota,League-Match,SL,CAN,,,,,Mahela Jayawardene,2011,Sri Lanka,played,Sri Lanka,KMDN Kulasekara,3,NLTC Perera,3,DPMD Jayawardene,100,KC Sangakkara,92
NA,Pallekele,League-Match,ZIM,PAK,,,,,Umar Gul,2011,Sri Lanka,played,Pakistan,Umar Gul,3,RW Price,2,Asad Shafiq,78,CR Ervine,52
2011-02-26,Colombo (RPS),League-Match,PAK,SL,,,,,Shahid Afridi,2011,Sri Lanka,played,Pakistan,Shahid Afridi,4,Shoaib Akhtar,2,Misbah-ul-Haq,83,Younis Khan,72
2015-03-11,Hobart,League-Match,SL,SCOT,,,,,Kumar Sangakkara,2015,Australia,played,Sri Lanka,KMDN Kulasekara,3,PVD Chameera,3,KC Sangakkara,124,TM Dilshan,104
2015-02-24,Canberra,League-Match,WI,ZIM,,,,,Chris Gayle,2015,Australia,played,West Indies,JE Taylor,3,JO Holder,3,CH Gayle,215,MN Samuels,133
2015-03-24,Auckland,Semi-Final,SA,NZ,,,,,Grant Elliott,2015,New Zealand,played,NA,M Morkel,3,CJ Anderson,3,GD Elliott,84,F du Plessis,82
2015-03-18,Sydney,Final,SL,SA,,,,,Imran Tahir,2015,Australia,played,South Africa,Imran Tahir,4,JP Duminy,3,Q de Kock,78,KC Sangakkara,45
2015-03-19,Melbourne,Final,IND,BAN,,,,,Rohit Sharma,2015,Australia,played,India,UT Yadav,4,Taskin Ahmed,3,RG Sharma,137,SK Raina,65
2015-02-25,Brisbane,League-Match,UAE,IRE,,,,,Gary Wilson,2015,Australia,played,Ireland,Amjad Javed,3,PR Stirling,2,Shaiman Anwar,106,GC Wilson,80
2015-03-09,Adelaide,League-Match,BAN,ENG,,,,,Mahmudullah,2015,Australia,played,Bangladesh,Rubel Hossain,4,JM Anderson,2,Mahmudullah,103,Mushfiqur Rahim,89
2015-03-07,Auckland,League-Match,PAK,SA,,,,,Sarfaraz Ahmed,2015,New Zealand,played,Pakistan,DW Steyn,3,Rahat Ali,3,AB de Villiers,77,Misbah-ul-Haq,56
2015-03-29,Melbourne,Final,NZ,AUS,,,,,James Faulkner,2015,Australia,played,Australia,MG Johnson,3,JP Faulkner,3,GD Elliott,83,MJ Clarke,74
NA,Perth,League-Match,AUS,AFG,,,,,David Warner,2015,Australia,played,Australia,MG Johnson,4,MA Starc,2,DA Warner,178,SPD Smith,95
2015-02-17,Dunedin,League-Match,SCOT,NZ,,,,,Trent Boult,2015,New Zealand,played,New Zealand,DL Vettori,3,CJ Anderson,3,MW Machan,56,RD Berrington,50
2015-03-05,Nelson,League-Match,SCOT,BAN,,,,,Kyle Coetzer,2015,New Zealand,played,Bangladesh,Taskin Ahmed,3,Nasir Hossain,2,KJ Coetzer,156,Tamim Iqbal,95
2015-03-06,Perth,League-Match,WI,IND,,,,,Mohammed Shami,2015,Australia,played,India,Mohammed Shami,3,RA Jadeja,2,JO Holder,57,MS Dhoni,45
2015-03-15,Napier,League-Match,UAE,WI,,,,,Jason Holder,2015,New Zealand,played,West Indies,JO Holder,4,JE Taylor,3,Nasir Aziz,60,Amjad Javed,56
2015-02-20,Wellington,League-Match,ENG,NZ,,,,,Tim Southee,2015,New Zealand,played,New Zealand,TG Southee,7,CR Woakes,2,BB McCullum,77,JE Root,46
2015-02-14,Christchurch,League-Match,NZ,SL,,,,,Corey Anderson,2015,New Zealand,played,New Zealand,BMAJ Mendis,2,DL Vettori,2,CJ Anderson,75,BB McCullum,65
NA,Adelaide,League-Match,IRE,PAK,,,,,Sarfaraz Ahmed,2015,Australia,played,Pakistan,Wahab Riaz,3,Sohail Khan,2,WTS Porterfield,107,Sarfaraz Ahmed,101
2015-03-20,Adelaide,Final,PAK,AUS,,,,,Josh Hazlewood,2015,Australia,played,Australia,JR Hazlewood,4,MA Starc,2,SPD Smith,65,SR Watson,64
2015-03-21,Wellington,Final,NZ,WI,,,,,Martin Guptill,2015,New Zealand,played,New Zealand,TA Boult,4,JE Taylor,3,MJ Guptill,237,CH Gayle,61
2015-03-04,Napier,League-Match,PAK,UAE,,,,,Ahmed Shehzad,2015,New Zealand,played,Pakistan,AM Guruge,4,Shahid Afridi,2,Ahmed Shehzad,93,Haris Sohail,70
2015-02-28,Auckland,League-Match,AUS,NZ,,,,,Trent Boult,2015,New Zealand,played,New Zealand,MA Starc,6,TA Boult,5,BB McCullum,50,KS Williamson,45
2015-02-21,Christchurch,League-Match,WI,PAK,,,,,Andre Russell,2015,New Zealand,played,West Indies,JE Taylor,3,AD Russell,3,Umar Akmal,59,D Ramdin,51
NA,Sydney,League-Match,AFG,ENG,,,,,Chris Jordan,2015,Australia,played,England,CJ Jordan,2,RS Bopara,2,IR Bell,52,AD Hales,37
NA,Perth,League-Match,UAE,IND,,,,,Ravichandran Ashwin,2015,Australia,played,India,R Ashwin,4,UT Yadav,2,RG Sharma,57,Shaiman Anwar,35
2015-02-27,Sydney,League-Match,SA,WI,,,,,AB de Villiers,2015,Australia,played,South Africa,Imran Tahir,5,M Morkel,2,AB de Villiers,162,HM Amla,65
2015-02-18,Canberra,League-Match,BAN,AFG,,,,,Mushfiqur Rahim,2015,Australia,played,Bangladesh,Mashrafe Mortaza,3,Shapoor Zadran,2,Mushfiqur Rahim,71,Shakib Al Hasan,63
2015-02-22,Dunedin,League-Match,AFG,SL,,,,,Mahela Jayawardene,2015,New Zealand,played,Sri Lanka,SL Malinga,3,Hamid Hassan,3,DPMD Jayawardene,100,Asghar Afghan,54
2015-03-13,Hamilton,League-Match,BAN,NZ,,,,,Martin Guptill,2015,New Zealand,played,New Zealand,Shakib Al Hasan,4,CJ Anderson,2,Mahmudullah,128,MJ Guptill,105
2015-02-23,Christchurch,League-Match,ENG,SCOT,,,,,Moeen Ali,2015,New Zealand,played,England,JH Davey,4,ST Finn,3,MM Ali,128,KJ Coetzer,71
2015-02-19,Nelson,League-Match,UAE,ZIM,,,,,Sean Williams,2015,New Zealand,played,Zimbabwe,TL Chatara,3,SF Mire,2,SC Williams,76,Shaiman Anwar,67
2015-03-03,Canberra,League-Match,SA,IRE,,,,,Hashim Amla,2015,Australia,played,South Africa,KJ Abbott,4,M Morkel,3,HM Amla,159,F du Plessis,109
2015-03-14,Auckland,League-Match,ZIM,IND,,,,,Suresh Raina,2015,New Zealand,played,India,UT Yadav,3,MM Sharma,3,BRM Taylor,138,SK Raina,110
2015-03-10,Hamilton,League-Match,IRE,IND,,,,,Shikhar Dhawan,2015,New Zealand,played,India,Mohammed Shami,3,R Ashwin,2,S Dhawan,100,"""NJ OBrien",75
2015-02-26,Dunedin,League-Match,SCOT,AFG,,,,,Samiullah Shinwari,2015,New Zealand,played,Afghanistan,Shapoor Zadran,4,RD Berrington,4,Samiullah Shinwari,96,Javed Ahmadi,51
2015-02-16,Nelson,League-Match,WI,IRE,,,,,Paul Stirling,2015,New Zealand,played,Ireland,GH Dockrell,3,JE Taylor,3,LMP Simmons,102,PR Stirling,92
2015-03-01,Wellington,League-Match,ENG,SL,,,,,Kumar Sangakkara,2015,New Zealand,played,Sri Lanka,TM Dilshan,1,AD Mathews,1,HDRL Thirimanne,139,JE Root,121
2015-03-08,Napier,League-Match,AFG,NZ,,,,,Daniel Vettori,2015,New Zealand,played,New Zealand,DL Vettori,4,TA Boult,3,MJ Guptill,57,Najibullah Zadran,56
2015-03-26,Sydney,Semi-Final,AUS,IND,,,,,Steven Smith,2015,Australia,played,Australia,UT Yadav,4,JP Faulkner,3,SPD Smith,105,AJ Finch,81
2015-02-15,Hamilton,League-Match,SA,ZIM,,,,,David Miller,2015,New Zealand,played,South Africa,Imran Tahir,3,VD Philander,2,DA Miller,138,JP Duminy,115
2015-03-12,Wellington,League-Match,SA,UAE,,,,,AB de Villiers,2015,New Zealand,played,South Africa,Mohammad Naveed,3,M Morkel,2,AB de Villiers,99,F Behardien,64
NA,Brisbane,League-Match,Australia,Bangladesh,NA,NA,NA,NA,NA,2015,Australia,played,NA,NA,0,NA,0,NA,0,NA,0
NA,Melbourne,League-Match,SL,BAN,,,,,Tillakaratne Dilshan,2015,Australia,played,Sri Lanka,SL Malinga,3,TM Dilshan,2,TM Dilshan,161,KC Sangakkara,105
NA,Hobart,League-Match,SCOT,AUS,,,,,Mitchell Starc,2015,Australia,played,Australia,MA Starc,4,PJ Cummins,3,MJ Clarke,47,MW Machan,40
NA,Taunton,League-Match,AFG,NZ,,,,,James Neesham,2019,England,played,New Zealand,JDS Neesham,5,LH Ferguson,4,KS Williamson,79,Hashmatullah Shahidi,59
2019-06-02,The Oval,League-Match,BAN,SA,,,,,Shakib Al Hasan,2019,England,played,Bangladesh,Mustafizur Rahman,3,AL Phehlukwayo,2,Mushfiqur Rahim,78,Shakib Al Hasan,75
2019-06-08,Cardiff,League-Match,ENG,BAN,,,,,Jason Roy,2019,England,played,England,JC Archer,3,BA Stokes,3,JJ Roy,153,Shakib Al Hasan,121
2019-06-04,Cardiff,League-Match,SL,AFG,,,,,Nuwan Pradeep,2019,England,played,Sri Lanka,Mohammad Nabi,4,N Pradeep,4,MDKJ Perera,78,Najibullah Zadran,43
2019-06-24,Southampton,League-Match,BAN,AFG,,,,,Shakib Al Hasan,2019,England,played,Bangladesh,Shakib Al Hasan,5,Mujeeb Ur Rahman,3,Mushfiqur Rahim,83,Shakib Al Hasan,51
2019-06-22,Southampton,League-Match,IND,AFG,,,,,Jasprit Bumrah,2019,England,played,India,Mohammed Shami,4,YS Chahal,2,V Kohli,67,Mohammad Nabi,52
2019-06-18,Manchester,League-Match,ENG,AFG,,,,,Eoin Morgan,2019,England,played,England,JC Archer,3,AU Rashid,3,EJG Morgan,148,JM Bairstow,90
2019-07-03,Chester-le-Street,League-Match,ENG,NZ,,,,,Jonny Bairstow,2019,England,played,England,MA Wood,3,JDS Neesham,2,JM Bairstow,106,JJ Roy,60
2019-06-03,Nottingham,League-Match,PAK,ENG,,,,,Mohammad Hafeez,2019,England,played,Pakistan,MM Ali,3,Wahab Riaz,3,JE Root,107,JC Buttler,103
2019-06-07,Bristol,League-Match,Pakistan,Sri Lanka,NA,NA,NA,NA,NA,2019,England,played,NA,NA,0,NA,0,NA,0,NA,0
2019-07-14,Lord's,Final,NZ,ENG,,,,,Ben Stokes,2019,England,played,NA,CR Woakes,3,LE Plunkett,3,BA Stokes,84,JC Buttler,59
2019-06-13,Nottingham,League-Match,India,New Zealand,NA,NA,NA,NA,NA,2019,England,played,NA,NA,0,NA,0,NA,0,NA,0
2019-06-14,Southampton,League-Match,WI,ENG,,,,,Joe Root,2019,England,played,England,MA Wood,3,JC Archer,3,JE Root,100,N Pooran,63
2019-07-09,Manchester,League-Match,NZ,IND,,,,,Matt Henry,2019,England,played,New Zealand,MJ Henry,3,B Kumar,3,RA Jadeja,77,LRPL Taylor,74
2019-06-05,Southampton,League-Match,SA,IND,,,,,Rohit Sharma,2019,England,played,India,YS Chahal,4,JJ Bumrah,2,RG Sharma,122,CH Morris,42
2019-06-15,The Oval,League-Match,AUS,SL,,,,,Aaron Finch,2019,England,played,Australia,MA Starc,4,KW Richardson,3,AJ Finch,153,FDM Karunaratne,97
2019-06-16,Manchester,League-Match,IND,PAK,,,,,Rohit Sharma,2019,England,played,India,Mohammad Amir,3,Kuldeep Yadav,2,RG Sharma,140,V Kohli,77
NA,Cardiff,League-Match,AFG,SA,,,,,Imran Tahir,2019,England,played,South Africa,Imran Tahir,4,CH Morris,3,Q de Kock,68,HM Amla,41
2019-07-11,Birmingham,League-Match,AUS,ENG,,,,,Chris Woakes,2019,England,played,England,CR Woakes,3,AU Rashid,3,JJ Roy,85,SPD Smith,85
2019-05-30,The Oval,League-Match,ENG,SA,,,,,Ben Stokes,2019,England,played,England,JC Archer,3,L Ngidi,3,BA Stokes,89,Q de Kock,68
2019-06-12,Taunton,League-Match,AUS,PAK,,,,,David Warner,2019,England,played,Australia,Mohammad Amir,5,PJ Cummins,3,DA Warner,107,AJ Finch,82
2019-07-05,Lord's,League-Match,PAK,BAN,,,,,Shaheen Shah Afridi,2019,England,played,Pakistan,Shaheen Shah Afridi,6,Mustafizur Rahman,5,Imam-ul-Haq,100,Babar Azam,96
2019-07-04,Leeds,League-Match,WI,AFG,,,,,Shai Hope,2019,England,played,West Indies,CR Brathwaite,4,KAJ Roach,3,Ikram Alikhil,86,SD Hope,77
2019-06-30,Birmingham,League-Match,ENG,IND,,,,,Jonny Bairstow,2019,England,played,England,Mohammed Shami,5,LE Plunkett,3,JM Bairstow,111,RG Sharma,102
2019-07-06,Leeds,League-Match,SL,IND,,,,,Rohit Sharma,2019,England,played,India,JJ Bumrah,3,RA Jadeja,1,AD Mathews,113,KL Rahul,111
NA,The Oval,League-Match,BAN,NZ,,,,,Ross Taylor,2019,England,played,New Zealand,MJ Henry,4,Mosaddek Hossain,2,LRPL Taylor,82,Shakib Al Hasan,64
2019-06-26,Birmingham,League-Match,NZ,PAK,,,,,Babar Azam,2019,England,played,Pakistan,Shaheen Shah Afridi,3,Shadab Khan,1,Babar Azam,101,JDS Neesham,97
2019-06-27,Manchester,League-Match,IND,WI,,,,,Virat Kohli,2019,England,played,India,Mohammed Shami,4,KAJ Roach,3,V Kohli,72,MS Dhoni,56
2019-06-17,Taunton,League-Match,WI,BAN,,,,,Shakib Al Hasan,2019,England,played,Bangladesh,Mustafizur Rahman,3,Mohammad Saifuddin,3,Shakib Al Hasan,124,SD Hope,96
NA,Manchester,League-Match,SA,AUS,,,,,Faf du Plessis,2019,England,played,South Africa,K Rabada,3,D Pretorius,2,DA Warner,122,F du Plessis,100
2019-06-28,Chester-le-Street,League-Match,SL,SA,,,,,Dwaine Pretorius,2019,England,played,South Africa,D Pretorius,3,CH Morris,3,F du Plessis,96,HM Amla,80
NA,Lord's,League-Match,AUS,NZ,,,,,Alex Carey,2019,England,played,Australia,MA Starc,5,TA Boult,4,UT Khawaja,88,AT Carey,71
2019-06-01,Cardiff,League-Match,SL,NZ,,,,,Matt Henry,2019,England,played,New Zealand,LH Ferguson,3,MJ Henry,3,MJ Guptill,73,C Munro,58
2019-06-25,Lord's,League-Match,AUS,ENG,,,,,Aaron Finch,2019,England,played,Australia,JP Behrendorff,5,MA Starc,4,AJ Finch,100,BA Stokes,89
2019-06-06,Nottingham,League-Match,AUS,WI,,,,,Nathan Coulter-Nile,2019,England,played,Australia,MA Starc,5,CR Brathwaite,3,NM Coulter-Nile,92,SPD Smith,73
2019-06-11,Bristol,League-Match,Bangladesh,Sri Lanka,NA,NA,NA,NA,NA,2019,England,played,NA,NA,0,NA,0,NA,0,NA,0
2019-06-09,The Oval,League-Match,IND,AUS,,,,,Shikhar Dhawan,2019,England,played,India,B Kumar,3,JJ Bumrah,3,S Dhawan,117,V Kohli,82
2019-06-20,Nottingham,League-Match,AUS,BAN,,,,,David Warner,2019,England,played,Australia,Soumya Sarkar,3,MA Starc,2,DA Warner,166,Mushfiqur Rahim,102
2019-06-19,Birmingham,League-Match,SA,NZ,,,,,Kane Williamson,2019,England,played,New Zealand,CH Morris,3,LH Ferguson,3,KS Williamson,106,HE van der Dussen,67
NA,Bristol,League-Match,AFG,AUS,,,,,David Warner,2019,England,played,Australia,PJ Cummins,3,A Zampa,3,DA Warner,89,AJ Finch,66
2019-06-29,Leeds,League-Match,AFG,PAK,,,,,Imad Wasim,2019,England,played,Pakistan,Shaheen Shah Afridi,4,Mohammad Nabi,2,Imad Wasim,49,Babar Azam,45
2019-07-01,Chester-le-Street,League-Match,SL,WI,,,,,Avishka Fernando,2019,England,played,Sri Lanka,SL Malinga,3,JO Holder,2,N Pooran,118,WIA Fernando,104
2019-06-23,Lord's,League-Match,PAK,SA,,,,,Haris Sohail,2019,England,played,Pakistan,Wahab Riaz,3,Shadab Khan,3,Haris Sohail,89,Babar Azam,69
2019-06-21,Leeds,League-Match,SL,ENG,,,,,Lasith Malinga,2019,England,played,Sri Lanka,SL Malinga,4,DM de Silva,3,AD Mathews,85,BA Stokes,82
2019-06-10,Southampton,League-Match,SA,WI,,,NA,NA,NA,2019,England,abandoned,NA,SS Cottrell,2,O Thomas,0,Q de Kock,17,HM Amla,6
2019-07-02,Birmingham,League-Match,IND,BAN,,,,,Rohit Sharma,2019,England,played,India,Mustafizur Rahman,5,JJ Bumrah,4,RG Sharma,104,KL Rahul,77
2019-05-31,Nottingham,League-Match,PAK,WI,,,,,Oshane Thomas,2019,England,played,West Indies,O Thomas,4,Mohammad Amir,3,CH Gayle,50,N Pooran,34
2023-10-05,Ahmedabad,League-Match,ENG,NZ,,,,,Rachin Ravindra,2023,India,played,New Zealand,MJ Henry,3,MJ Santner,2,DP Conway,152,R Ravindra,123
2023-11-04,Bengaluru,League-Match,NZ,PAK,,,,,Fakhar Zaman,2023,India,played,Pakistan,Mohammad Wasim,3,TG Southee,1,Fakhar Zaman,126,R Ravindra,108
2023-10-22,Dharamsala,League-Match,NZ,IND,,,,,Mohammed Shami,2023,India,played,India,Mohammed Shami,5,Kuldeep Yadav,2,DJ Mitchell,130,V Kohli,95
2023-10-17,Dharamsala,League-Match,NED,SA,,,,,Scott Edwards,2023,India,played,Netherlands,LV van Beek,3,M Jansen,2,SA Edwards,78,DA Miller,43
2023-10-25,Delhi,League-Match,AUS,NED,,,,,Glenn Maxwell,2023,India,played,Australia,A Zampa,4,LV van Beek,4,GJ Maxwell,106,DA Warner,104
2023-11-06,Delhi,League-Match,SL,BAN,,,,,Shakib Al Hasan,2023,India,played,Bangladesh,D Madushanka,3,Tanzim Hasan Sakib,3,KIC Asalanka,108,Najmul Hossain Shanto,90
2023-11-16,Eden Gardens,Semi-Final,SA,AUS,,,,,Travis Head,2023,India,played,NA,MA Starc,3,PJ Cummins,3,DA Miller,101,TM Head,62
2023-10-30,Pune,League-Match,SL,AFG,,,,,Fazalhaq Farooqi,2023,India,played,Afghanistan,Fazalhaq Farooqi,4,Mujeeb Ur Rahman,2,Azmatullah Omarzai,73,Rahmat Shah,62
2023-11-11,Pune,League-Match,BAN,AUS,,,,,Mitchell Marsh,2023,India,played,Australia,A Zampa,2,SA Abbott,2,MR Marsh,177,Towhid Hridoy,74
2023-11-05,Eden Gardens,League-Match,IND,SA,,,,,Virat Kohli,2023,India,played,India,RA Jadeja,5,Kuldeep Yadav,2,V Kohli,101,SS Iyer,77
2023-11-10,Ahmedabad,League-Match,AFG,SA,,,,,Rassie van der Dussen,2023,India,played,South Africa,G Coetzee,4,KA Maharaj,2,Azmatullah Omarzai,97,HE van der Dussen,76
2023-10-18,Chennai,League-Match,NZ,AFG,,,,,Glenn Phillips,2023,India,played,New Zealand,LH Ferguson,3,MJ Santner,3,GD Phillips,71,TWM Latham,68
2023-10-07,Dharamsala,League-Match,AFG,BAN,,,,,Mehidy Hasan Miraz,2023,India,played,Bangladesh,Mehidy Hasan Miraz,3,Shakib Al Hasan,3,Najmul Hossain Shanto,59,Mehidy Hasan Miraz,57
2023-10-24,Wankhede,League-Match,SA,BAN,,,,,Quinton de Kock,2023,India,played,South Africa,G Coetzee,3,K Rabada,2,Q de Kock,174,Mahmudullah,111
2023-11-03,Lucknow,League-Match,NED,AFG,,,,,Mohammad Nabi,2023,India,played,Afghanistan,Mohammad Nabi,3,Noor Ahmad,2,SA Engelbrecht,58,Hashmatullah Shahidi,56
2023-11-01,Pune,League-Match,SA,NZ,,,,,Rassie van der Dussen,2023,India,played,South Africa,KA Maharaj,4,M Jansen,3,HE van der Dussen,133,Q de Kock,114
2023-10-11,Delhi,League-Match,AFG,IND,,,,,Rohit Sharma,2023,India,played,India,JJ Bumrah,4,HH Pandya,2,RG Sharma,131,Hashmatullah Shahidi,80
2023-11-19,Ahmedabad,Final,IND,AUS,,,,,Travis Head,2023,India,played,Australia,MA Starc,3,PJ Cummins,2,TM Head,137,KL Rahul,66
2023-10-19,Pune,League-Match,BAN,IND,,,,,Virat Kohli,2023,India,played,India,RA Jadeja,2,JJ Bumrah,2,V Kohli,103,Litton Das,66
2023-10-15,Delhi,League-Match,AFG,ENG,,,,,Mujeeb Ur Rahman,2023,India,played,Afghanistan,Rashid Khan,3,AU Rashid,3,Rahmanullah Gurbaz,80,HC Brook,66
2023-10-14,Ahmedabad,League-Match,PAK,IND,,,,,Jasprit Bumrah,2023,India,played,India,JJ Bumrah,2,Kuldeep Yadav,2,RG Sharma,86,SS Iyer,53
2023-10-31,Eden Gardens,League-Match,BAN,PAK,,,,,Fakhar Zaman,2023,India,played,Pakistan,Shaheen Shah Afridi,3,Mohammad Wasim,3,Fakhar Zaman,81,Abdullah Shafique,68
2023-10-27,Chennai,League-Match,PAK,SA,,,,,Tabraiz Shamsi,2023,India,played,South Africa,T Shamsi,4,Shaheen Shah Afridi,3,AK Markram,91,Saud Shakeel,52
NA,Eden Gardens,League-Match,NED,BAN,,,,,Paul van Meekeren,2023,India,played,Netherlands,PA van Meekeren,4,BFW de Leede,2,SA Edwards,68,W Barresi,41
2023-10-28,Dharamsala,League-Match,AUS,NZ,,,,,Travis Head,2023,India,played,Australia,GD Phillips,3,A Zampa,3,R Ravindra,116,TM Head,109
2023-10-12,Lucknow,League-Match,SA,AUS,,,,,Quinton de Kock,2023,India,played,South Africa,K Rabada,3,KA Maharaj,2,Q de Kock,109,AK Markram,56
2023-11-08,Pune,League-Match,ENG,NED,,,,,Ben Stokes,2023,India,played,England,MM Ali,3,AU Rashid,3,BA Stokes,108,DJ Malan,87
2023-11-07,Wankhede,League-Match,AFG,AUS,,,,,Glenn Maxwell,2023,India,played,Australia,JR Hazlewood,2,Rashid Khan,2,GJ Maxwell,201,Ibrahim Zadran,129
2023-10-08,Chennai,League-Match,AUS,IND,,,,,KL Rahul,2023,India,played,India,RA Jadeja,3,JR Hazlewood,3,KL Rahul,97,V Kohli,85
2023-10-13,Chennai,League-Match,BAN,NZ,,,,,Lockie Ferguson,2023,India,played,New Zealand,LH Ferguson,3,TA Boult,2,DJ Mitchell,89,KS Williamson,78
2023-10-29,Lucknow,League-Match,IND,ENG,,,,,Rohit Sharma,2023,India,played,India,Mohammed Shami,4,DJ Willey,3,RG Sharma,87,SA Yadav,49
2023-11-02,Wankhede,League-Match,IND,SL,,,,,Mohammed Shami,2023,India,played,India,Mohammed Shami,5,D Madushanka,5,Shubman Gill,92,V Kohli,88
2023-10-26,Bengaluru,League-Match,ENG,SL,,,,,Lahiru Kumara,2023,India,played,Sri Lanka,CBRLS Kumara,3,AD Mathews,2,P Nissanka,77,S Samarawickrama,65
2023-10-20,Bengaluru,League-Match,AUS,PAK,,,,,David Warner,2023,India,played,Australia,Shaheen Shah Afridi,5,A Zampa,4,DA Warner,163,MR Marsh,121
2023-10-16,Lucknow,League-Match,SL,AUS,,,,,Adam Zampa,2023,India,played,Australia,A Zampa,4,D Madushanka,3,MDKJ Perera,78,P Nissanka,61
2023-10-23,Chennai,League-Match,PAK,AFG,,,,,Ibrahim Zadran,2023,India,played,Afghanistan,Noor Ahmad,3,Naveen-ul-Haq,2,Ibrahim Zadran,87,Rahmat Shah,77
2023-10-09,Hyderabad,League-Match,NZ,NED,,,,,Mitchell Santner,2023,India,played,New Zealand,MJ Santner,5,MJ Henry,3,WA Young,70,CN Ackermann,69
2023-11-15,Wankhede,Semi-Final,IND,NZ,,,,,Mohammed Shami,2023,India,played,NA,Mohammed Shami,7,TG Southee,3,DJ Mitchell,134,V Kohli,117
2023-10-21,Lucknow,League-Match,NED,SL,,,,,Sadeera Samarawickrama,2023,India,played,Sri Lanka,D Madushanka,4,CAK Rajitha,4,S Samarawickrama,91,SA Engelbrecht,70
2023-11-09,Bengaluru,League-Match,SL,NZ,,,,,Trent Boult,2023,India,played,New Zealand,TA Boult,3,MJ Santner,2,MDKJ Perera,51,DP Conway,45
2023-10-06,Hyderabad,League-Match,PAK,NED,,,,,Saud Shakeel,2023,India,played,Pakistan,BFW de Leede,4,Haris Rauf,3,Saud Shakeel,68,Mohammad Rizwan,68
2023-11-12,Bengaluru,League-Match,IND,NED,,,,,Shreyas Iyer,2023,India,played,India,JJ Bumrah,2,Kuldeep Yadav,2,SS Iyer,128,KL Rahul,102
2023-10-10,Dharamsala,League-Match,ENG,BAN,,,,,Dawid Malan,2023,India,played,England,RJW Topley,4,Mahedi Hasan,4,DJ Malan,140,JE Root,82
